Grammar|65<br/>祖母は、携帯電話の使い方を教えても、覚える<b>そばから</b>忘れてしまう。<br/>（＝覚えてもすぐに）<br/><br/>小さい子どもは、片付けている<b>そばから</b>部屋を散らかす。<br/>（＝片付けてしびあともすぐに）|Vる<b>そばから</b><br/>Vた<b>そばから</b><br/>Vている<b>そばから</b><br/>◆動作の繰り返しに多い|20260402113714|20260715132312|1.7880263157894736
Grammar|181<br/>あの人は社長として、無責任<b>極まりない</b>。<br/>（＝これ以上ないほど無責任だ）<br/><br/>あの発言は一国の首相として、軽率な<b>こと極まりない</b>。<br/>（＝これ以上ないほど軽率だ）|na（なこと）<br/>Aいこと<br/>　<b>極まりない</b><br/>◆「極まる」と同じ意味<br/>「極まりない」のほうがよく使われる|20260630201551|20260715203004|1.6303541351739166
Grammar|160<br/>最近、息子は私の言うことなど、聞き<b>やしない</b>。<br/>（＝全然聞かない）<br/><br/>ドッグフードを変えたら、おいしくないのか、食べ<b>やしない</b>。<br/>（＝全然食べない）<br/><br/>A「ああ、スカートにシミがついちゃった……。」<br/>B「大丈夫だ。誰もわかり<b>やしない</b>よ。」<br/>（＝全然わからない）|V<ｓ>ます</s>やしない<br/>V<s>ます</s>やしない<br/>◆「～はしない」の口語形|20260704130753|20260715211905|1.6303541351739166
Grammar|3<br/>あなたに感謝<b>こそすれ</b>、恨んでなどいません。<br/>(=感謝はしているけれど、絶対に)<br/><br/>白髪は普通増え<b>こそすれ</b>、減ることはない。<br/>(=増えろことはあるが、絶対に)|V<s>ます</s>こそすれ<br/>Nこそすれ<br/>後文が[ぜったい~ではない]ということを強調|20260413195327|20260716055714|1.7052631578947368
Grammar|46<br/>この不景気は<b>いつまで</b>続く<b>のやら</b>。<br/>（＝いつまで続くのかわからない）<br/><br/>言葉も話せないのに、来年１年間オーストラリアに行くことにした。<b>どう</b>なる<b>ことやら</b>。<br/>（＝どうなるだろう）<br/><br/>奥さんと病気で亡くした彼に、<b>どう</b>声をかけていい<b>ものやら</b>。<br/>（＝どう声をかけたらいいのかわからない）|疑問詞<br/>V/A（普）/Aい/na -> のやら/ものやら/ことやら|20260413195648|20260716063930|1.7052631578947368
Grammar|137<br/>彼とは結婚<b>を前提として</b>交際しています。<br/>（＝結婚するということを考えて）<br/><br/>事故対策は、事故が起こること<b>を前提に</b>練られている。<br/>（＝事故が起こるということを考えて）|N<b>を前提として</b><br/>N<b>を前提に(して)</b><br/>N<b>前提で</b>|20260626212214|20260716134138|1.6374500789851294
Grammar|112<br/>親の期待に応える<b>べく</b>、努力して医者の道に進んだ。<br/>（＝親の期待に応えようとして）<br/><br/>彼はよい席を手に入れる<b>べく</b>、２時間も前から並んでいた。<br/>（＝手に入れようとして）|Vる<b>べく</b><br/>！ する→<b>するべく</b>／<b>すべく</b><br/>◆硬い表現|20260621141845|20260717061152|1.6374500789851294
Grammar|151<br/>彼は金持ち<b>ぶっている</b>が、本当は借金がたくさんある。<br/>（＝金持ちのふりをしている）<br/><br/>彼女はお酒に酔うと、かわい子<b>ぶった</b>口のきき方をする。<br/>（＝意識してかわいく見せようとした）<br/><br/>息子は悪<b>ぶっている</b>が、実は気の弱い優しい子です。<br/>（＝悪いように見せている）|na<br/>N<br/>　<b>ぶる</b><br/>　<b>ぶって</b><br/>　<b>ぶった</b>N<br/>れい　親切<b>ぶる</b><br/>　学者<b>ぶる</b><br/>　先輩<b>ぶる</b>|20260628124131|20260717125156|1.6374500789851294
Grammar|111<br/>空の青<b>と相まって</b>、紅葉がより美しく見える。<br/>（＝空の青色と一緒になって）<br/><br/>努力<b>と</b>運が<b>相まって</b>、合格することができた。<br/>（＝努力と運が一緒になって）<br/><br/>この冷蔵庫はデザインのよさ<b>も相まって</b>よく売れている。<br/>（＝ほかの理由とデザインのよさが一緒になって）|N<b>と</b>相まって<br/>N<b>も</b>相まって<br/>◆硬い表現|20260621141803|20260718193801|1.6374500789851294
Grammar|124<br/>彼女は涙<b>ながらに</b>真実を訴えた。<br/>（＝涙を流しながら）<br/><br/>コンピューターのおかげで、家にい<b>ながら(にして)</b>世界の情報を知ることができる。<br/>（＝家にいる状態で）<br/><br/>その店は、昔<b>ながらの<b/>製法で豆腐を作っている。<br/>（＝昔のままの）|N<br/>na<br/>Aい<br/>V<b>ます</b><br/>　<b>ながらに</b><br/>　<b>ながらの</b>N<br/>慣用句　昔ながらの<br/>　生まれながらにして<br/>（＝生まれたときから）|20260702194948|20260718203834|1.6374500789851294
Grammar|32<br/>雨が降ろ<b>うと</b>降るまい<b>と</b>、試合は行われます。<br/>（＝雨が降っても降らなくても、どの試合でも）<br/><br/>私がいよ<b>うが</b>い<b>まいが</b>関係なく、彼らはけんかを始めた。<br/>（＝いてもいなくても）|VようとVるまいと<br/>VようがVるまいが<br/>(ru-V) Vるまい/Vまい<br/>(u-V) Vるまい<br/>する→するまい/すまい<br/>くる→くるまい/こまい|20260416202020|20260719064346|1.7052631578947368
Grammar|157<br/>今度こそ合格し<b>てみせる</b>よ。<br/>（＝合格することを約束する）<br/><br/>ピアノ、うまくなったね。今の曲、もう一回弾い<b>てみせて</b>。<br/>（＝弾いて聞かせて）|V<b>てみせる</b>|20260629195412|20260719071825|1.6374500789851294
Grammar|145<br/>40歳<b>にして(初めて)</b>車の免許を取った。<br/>（＝40歳のときに、初めて）<br/><br/>この改革は、あの政治家<b>にして初めて</b>できたことだ。<br/>（＝あの政治家だから）|N<b>にして(初めて)</b><br/>◆強調|20260629195500|20260719072100|1.6374500789851294
Grammar|156<br/>就職難など、能力がある学生にとっては、恐れる<b>に足りない</b>。<br/>（＝恐れる必要はない）<br/><br/>この証拠だけでは彼が無罪であることを証明する<b>に足りない</b>。<br/>（＝証明するに十分でない）<br/><br/>取る<b>に足りない</b>うわさ<br/>（＝取り上げるほどの価値がない）|Vる<b>に足りない</b><br/>N<s>する</s>に足りない<br/>慣用句　取る<b>に足りない</b><br/>　恐るる<b>に足らず</b><br/>（＝恐れる<b>に足りない</b>）|20260702195347|20260719085429|1.6303541351739166
Grammar|126<br/>彼女は外見<b>もさることながら</b>性格もとてもいい。<br/>（＝外見ももちろんいいが）<br/><br/>最近、忙しすぎて、疲労<b>もさることながら</b>、ストレスもピークに達している。<br/>（＝もちろん疲労が激しいが）|N₁<b>もさることながら</b>N₂も|20260629195521|20260719124951|1.6374500789851294
Grammar|128<br/>貧しさ<b>ゆえに</b>、彼は盗みを働いた。<br/>（＝貧しいという理由で）<br/><br/>日本語を知らなかった<b>がゆえに</b>、誤解された。<br/>（＝知らなかっただけの理由で）<br/><br/>有名人<b>ゆえの</b>悩みがある。<br/>（＝有名人であるための）|V/A/na/N(普)<br/>！ N<s>だ</s>／<b>である</b><br/>　na<s>だ</s>／<b>である</b><br/>　<b>(が)ゆえ(に)</b><br/>　<b>(が)ゆえの</b>N<br/>れい　有名人である<b>(が)ゆえの</b><br/>　貧しい<b>(が)ゆえに</b><br/>　貧乏であった<b>(が)ゆえに</b>|20260629195635|20260719141013|1.6374500789851294
Grammar|162<br/>不本意だがそうせ<b>ざるを得ない</b>。<br/>（＝そうしなければならない）<br/><br/>今回の失敗は君の責任と言わ<b>ざるを得ない</b>。<br/>（＝言わなければならない）|V<s>ます</s>ざるを得ない<br/>！ しない→<b>せざる</b>|20260711173309|20260719184716|1.623066409097536
Grammar|2<br/>苦労<b>こそあれ</b>、介護の仕事はやりがいがある。<br/>(=苦労はあるけれど)<br/><br/>彼の日本語は小さい間違い<b>こそあれ</b>、ほとんど完璧だ。(=小さい間違いはあるけれど)|Nこそ/naでこそ　-> あれ/あるが|20260417213513|20260719234950|1.7052631578947368
Grammar|185<br/>良き<b>につけ</b>悪しき良き<b>につけ</b>、子どもは親の影響を受ける。<br/>（＝良くても悪くても）|Aい<b>につけ</b>(Aい<b>につけ</b>)<br/>◆慣用的表現<br/>OK　<b>良きにつけ悪しきにつけ</b><br/>　<b>いいにつけ、悪いにつけ</b>|20260708191249|20260720003820|1.623066409097536
Grammar|125<br/>自分の家は狭い<b>ながらも</b>落ち着く。<br/>（＝狭いけれど）<br/><br/>彼は学生の身分であり<b>ながら</b>、高級車を乗り回している。<br/>（＝学生という身分なのに）|N<br/>na<br/>Aい<br/>V<b>ます</b><br/>　<b>ながら</b><br/>　<b>ながらも</b><br/>慣用句　残念ながら<br/>　今さらながら<br/>　及ばずながら<br/>　勝手ながら～|20260630201732|20260720100232|1.6374500789851294
Grammar|161<br/>政治の世界には、知られ<b>ざる</b>真実がたくさんある。<br/>（＝知られていない）<br/><br/>絶え<b>ざる</b>不安に夜も眠れない。<br/>（＝絶えない、ずっと続く）|V<s>ます</s>ざるN|20260704130843|20260720175235|1.6303541351739166
Grammar|155<br/>彼は、信頼<b>に足る</b>人物だ。何でも相談するといい。<br/>（＝十分信頼することのできる）<br/><br/>彼女は、その仕事を任せる<b>に足る</b>人です。<br/>（＝十分任せることができる）|Vる<b>に足る</b>N<br/>N<s>する</s>に足るN<br/>れい　尊敬する<b>に足る</b><br/>　報告する<b>に足る</b><br/>　調査する<b>に足る</b>|20260712185457|20260720200205|1.623066409097536
Grammar|130<br/>川の水があふれ<b>んばかりに</b>なっている。<br/>（＝今にもあふれそうな状態に）<br/><br/>彼女は泣き出さ<b>んばかりの</b>顔をして、私に助けを求めてきた。<br/>（＝今にも泣きだしそうな顔）|V<b>ます→ん</b><br/>！ しない→<b>せん</b><br/>　<b>ばかりに</b><br/>　<b>ばかりの</b>N<br/>◆慣用句的表現<br/>　割れ<b>んばかりの</b>拍手<br/>　あふれ<b>んばかりの</b>笑顔<br/>　胸がはりさけ<b>んばかりに</b>|20260701185234|20260721032003|1.6374500789851294
Grammar|152<br/>先輩の仕事<b>ぶり</b>を見ながら要領を覚えよう。<br/>（＝仕事の様子）<br/><br/>社長の話し<b>ぶり</b>では、今年のボーナスはないようだ。<br/>（＝話の様子では）<br/><br/>彼女、飲み<b>っぷり</b>がいいね。相当、酒に強いんだろう。<br/>（＝飲む様子）|N<b>ぶり</b><br/>V<s>ます</s>ぶり<br/>V<s>ます</s>っぶり<br/>れい　活躍<b>ぶり</b><br/>　読む<b>っぷり</b><br/>　食べ<b>っぷり</b><br/>　走り<b>っぷり</b>|20260701185354|20260721032557|1.6374500789851294
Grammar|154<br/>彼女のバイオリンは、あまりに下手で聞く<b>にたえない</b>。<br/>（＝聞くことが我慢できないほどひどい）<br/><br/>昨日の映画は残酷で見る<b>にたえなかった</b>。<br/>（＝見ることが我慢できないほどひどかった）|Vる<b>にたえない</b><br/>N<s>する</s>にたえない<br/>れい　鑑賞<b>にたえない</b><br/>　読む<b>にたえない</b><br/>◆「堪えない」とも書く|20260709201355|20260721042549|1.6303541351739166
Grammar|58<br/>今度の演奏会は、東京<b>を皮切りに</b>、全国１０か所で行われる。<br/>（＝東京を最初の場所として）<br/><br/>彼の店は大阪で成功したの<b>を皮切りに</b>、各地に次々と出店していずれも成功を収めた。<br/>（＝成功したのがきっかとなって）|Nを<b>皮切りに</b>(して)<br/>Nを<b>皮切りとして</b>|20260419185412|20260721061536|1.7052631578947368
Grammar|138<br/>隣国はオリンピック<b>を境に</b>、急速に発展した。<br/>（＝オリンピックの後から）<br/><br/>日本では就学年齢を４月２日<b>を境にして</b>決めている。<br/>（＝４月２日で区切って）|N<b>を境に(して)</b>|20260701185458|20260721083734|1.6374500789851294
Grammar|147<br/>この間の彼女の態度は、思い出す<b>だに</b>腹が立つ。<br/>（＝思い出すだけでも）<br/><br/>地下鉄に乗っているときに大地震が起きたらどうなるだろう。想像する<b>だに</b>恐ろしい。<br/>（＝想像するだけでも）<br/><br/>そんなこと、夢<b>(に)だに</b>も思わない。<br/>（＝夢でさえ）|Vる<b>だに</b><br/>N<b>だに</b><br/>◆硬い表現|20260701185524|20260721130711|1.6374500789851294
Grammar|75<br/>大学生<b>ともあろう</b>者が、その漢字を読めないのは恥ずかしい。<br/>（＝大学生という身分の者が）<br/><br/>一国の首相<b>たる</b>者が、このような発言をしてはいけない。<br/>（＝首相の立場にある人が）|N1<b>ともあろう</b>N2<br/>N1<b>たる</b>N2<br/>◆批判が続くことが多い<br/>れい　社長<b>ともあろう</b>人<br/>A社<b>ともあろう</b>企業<br/>教師<b>たる</b>者|20260703202042|20260721175852|1.6374500789851294
Grammar|93<br/>かなりひどい虫歯だったが、抜か<b>ずにすんで</b>よかった。<br/>（＝抜く必要がなく終わって）<br/><br/>図書館で借りたので、本を買わ<b>ずにすんだ</b>。<br/>（＝買う必要がなくて解決した）|V<b>ない→ずに</b><br/>！ しない→<b>せずに</b><br/>V<b>ないで</b><br/>V<b>なくて</b><br/>　<b>すむ</b><br/>◆「済む」とも書く|20260630201613|20260721202408|1.6374500789851294
Grammar|61<br/>その男の人は部屋に入る<b>や否や</b>、いきなり大声で怒鳴り始めた。<br/>（＝入るとほとんど同時に／入ったとたんに）<br/><br/>彼は、それを口に入れる<b>や</b>、吐き出した。<br/>（＝入れるとほとんど同時に／入れたとたんに）<br/><br/>その政治家は、形勢が不利と見る<b>や</b>、態度を一変した。<br/>（＝不利だとわかってすぐ/不利だとわかったとたんに）|Vる<b>や（否や）</b>|20260419185842|20260722005304|1.7052631578947368
Grammar|38<br/>日本人は、子ども<b>といわず</b>、大人<b>といわず</b>、マンガをよく読む。<br/>（＝子どもも大人も、だれでも）<br/><br/>私は、牛肉<b>といわず</b>、豚肉<b>といわず</b>、肉は食べません。<br/>（＝牛肉や豚肉だけでなく）<br/><br/>最近の若者は、食事中<b>といわず</b>、テレビを見ている間<b>といわず</b>、いつでもスマホを手にしている。<br/>（＝食事中やテレビを見ている間だけでなく）|N1<b>といわず</b>N2<b>といわず</b><br/>♦N1、N2の区別なく|20260419190411|20260722051433|1.7052631578947368
Grammar|163<br/>電話で済むことだから、わざわざ行く<b>には及ばない</b>。<br/>（＝わざわざ行く必要がない）<br/><br/>メールを使えばいい。郵便で送る<b>には及ばない</b>。<br/>（＝郵便で送る必要がない）<br/><br/>もっと！若者は言う<b>に及ばず</b>、老若男女を問わず、彼のコンサートに行っている。<br/>（＝若者については言うまでもなく）|Vる<br/>N<s>する</s><br/>　<b>に(は)及ばない</b><br/>れい　心配<b>には及ばない</b><br/>　それ<b>には及ばない</b>|20260628123927|20260722082036|1.6303541351739166
Grammar|158<br/>歯医者「虫歯がありますよ。」<br/>患者「そうですか。まだ痛く<b>もなんともない</b>んですが……。」<br/>（＝全く痛くない）<br/><br/>彼のこと、好きで<b>もなんでもない</b>けれど、なぜか気にかかる。<br/>（＝好きでも嫌いでもない）|Aく<b>も</b>なんともない<br/>Na<b>でも</b><br/>N<b>でも</b><br/>　<b>なんともない</b><br/>◆強調<br/>れい　ほしく<b>もなんともない</b><br/>　苦労<b>でもなんでもない</b>|20260702194922|20260722092308|1.6374500789851294
Grammar|119<br/>現状<b>に即して</b>物事を考えよう。<br/>（＝現状にちょうど合うように）<br/><br/>銀行も、時代<b>に即した</b>新しいサービスを提供しなければならない。<br/>（＝時代にちょうど合った）|N<b>に即して</b>V<br/>N₁<b>に即した</b>N₂<br/>◆硬い表現<br/>れい　現実<b>に即して</b><br/>　事実<b>に即して</b><br/>　法律<b>に即して</b>|20260702195510|20260722093941|1.6374500789851294
Grammar|144<br/>息子の部屋は壁<b>という壁</b>に車のポスターが貼ってある。<br/>（＝すべての壁に）<br/><br/>チラシをこの地域の家<b>という</b>家に配って歩いた。<br/>（＝すべての家に）<br/><br/>今日<b>という</b>今日は、この仕事をやり遂げなければならない。<br/>（＝今日は絶対に）|N<b>という</b>N<br/>◆強調<br/>慣用句　今日<b>という今日</b><br/>（＝今日は絶対）|20260629195546|20260722123845|1.6374500789851294
Grammar|78<br/>大変だ！女性が血<b>まみれ</b>になって倒れている。<br/>（＝血をいっぱい流して／血だらけになって）<br/><br/>彼は汗<b>まみれ</b>になって、一生懸命サッカーの練習をしている。<br/>（＝汗をいっぱいかいて／汗だらけになって）|N<b>まみれ</b><br/>◆汚いものがたくさん付いているという状態を表す<br/>れい　泥<b>まみれ</b><br/>ほこり<b>まみれ</b><br/>借金<b>まみれ</b>|20260624200635|20260722215217|1.6443592874328892
Grammar|97<br/>この分では、締め切りの期限に間に合い<b>そうもない</b>。<br/>（＝間に合う可能性は低い）<br/><br/>でき<b>そうもない</b>ことを、簡単に引き受けるな。<br/>（＝できる可能性の低い）|V<b>ます→そう</b><br/>　<b>もない</b><br/>　<b>にない</b>|20260626212138|20260722234803|1.6374500789851294
Grammar|149<br/>涼しくなって、ずいぶん秋<b>めいて</b>きましたね。<br/>（＝秋らしくなって）<br/><br/>別れた恋人から、脅迫<b>めいた</b>メールが届いて、怖くなった。<br/>（＝脅迫のように感じられる）|N<b>めく</b><br/>N<b>めいて</b><br/>N₁<b>めいた</b>N₂<br/>れい　謎<b>めいた</b>女性<br/>　皮肉<b>めいた</b>言葉<br/>　秘密<b>めいた</b>手紙|20260703202113|20260723034028|1.6374500789851294
Grammar|27<br/>田中さんは私に会う<br>なり<b/>泣き出した。<br/>（＝会うと同時に/会ったとたんに）<br/><br/>部長は電話を切る<b>なり</b>、部屋を出て行った。<br/>（＝電話を切ったと同時に）|Vるなり|20260420205308|20260723083732|1.7052631578947368
Grammar|85<br/>彼女は、20万円<b>からする</b>バッグをいくつも持っている。<br/>（＝20万円もする）<br/><br/>７キロ<b>からある</b>道を歩いて帰った。<br/>（＝７キロもある）<br/><br/>この店を改装するには500万円<b>からの</b>資金が必要である。<br/>（＝500万円もの）|N<br/>　<b>からある</b><br/>　<b>からする</b><br/>　<b>からの</b><br/>◆Nは数字で、その数量が多いということを表す|20260703202047|20260723084632|1.6443592874328892
Grammar|141<br/>日本の朝食と言えば、ごはん<b>に</b>お味噌汁でしょう。<br/>（＝ごはんとお味噌汁の組み合わせ）<br/><br/>私は、家ではたいていジーンズ<b>に</b>Tシャツを着ています。<br/>（＝ジーンズとTシャツの組み合わせの服）|N₁<b>に</b>N₂|20260703201927|20260723194039|1.6374500789851294
Grammar|122<br/>彼があなたのことを好きだということは、言わ<b>ずとも</b>わかる。<br/>（＝言わなくても）|V<b>ない→ずとも</b><br/>！ しない→<b>せず</b>|20260704131041|20260724001118|1.6374500789851294
Grammar|131<br/>その子はうれしい<b>とばかりに</b>、飛び上がった。<br/>（＝本当にうれしい様子で）<br/><br/>彼は試験中、あきらめた<b>とばかりに</b>鉛筆を投げ出した。<br/>（＝あきらめた様子で）<br/><br/>彼女は「いやだ」<b>と言わんばかりに</b>、首を振った。<br/>（＝「いやだ」と口では言わないが、そのような様子で）<br/><br/>ここぞ<b>とばかりに</b>、……。<br/>（＝今、この時を逃してはいけないという様子で）|[文]と「<b>（言わん）</b>」ばかりに<br/>[文]と「<b>（言わん）</b>」ばかりのN<br/>◆言葉では言わないがそのような様子で<br/>◆N＝表情、様子、態度など<br/>慣用句　ここぞとばかりに|20260704130933|20260724024558|1.6374500789851294
Grammar|88<br/>あなた<b>ならでは</b>の発想で、この企画を考えてください。<br/>（＝あなた独自の）<br/><br/>これは当店<b>ならでは</b>の特別価格です。<br/>（＝当店だけの）<br/><br/>このような習慣があるのは、この地方<b>ならでは</b>です。<br/>（＝この地方だけ）|N<b>ならでは</b><br/>◆より内容を表すことが多い<br/>れい　手作り<b>ならでは</b><br/>　映画<b>ならでは</b><br/>　田舎<b>ならでは</b><br/>　教師<b>ならでは</b>|20260707190150|20260724025510|1.6374500789851294
Grammar|183<br/>こんなすばらしい賞をいただいて、光栄<b>の至り</b>です。<br/>（＝これ以上ないほど光栄）<br/><br/>若気<b>の至り</b>で、せっかく入った大学をやめてしまった。<br/>（＝若いころの勢いが行きすぎた結果）|N<b>の至り</b><br/>◆慣用句的に使う／気持ちを表す<br/>れい　感激<b>の至り</b><br/>　若気<b>の至り</b><br/>ダメ　疲労<b>の至り</b>|20260703202002|20260724032552|1.5674367667144973
Grammar|123<br/>英語の本をたくさん買ったが、ほとんど読ま<b>ずじまい</b>だ。<br/>（＝読まないままだ）<br/><br/>５着も試着したが、どれも気に入らず、買わ<b>ずじまい</b>で店を出た。<br/>（＝買おうと思っていたけれど結局は買わないで）|V<b>ない→ずじまい</b><br/>！ しない→<b>せず</b><br/>れい　会わ<b>ずじまい</b><br/>　行か<b>ずじまい</b><br/>　せ<b>ずじまい</b><br/>　買え<b>ずじまい</b><br/>◆残念な気持ち|20260704131053|20260724035149|1.6374500789851294
Grammar|34<br/>来る<b>にせよ</b>来ない<b>にせよ</b>、必ず連絡を入れてください。<br/>（＝来る場合も来ない場合も）<br/><br/>熱が下がった<b>にせよ</b>、しばらく安静が必要です。<br/>（＝熱が下がった場合でも）<br/><br/>事故で車は前のほうがめちゃくちゃになったが、何<b>にしろ</b>、誰もけがをしなくてよかった。<br/>（＝どういう場合でも）|[aにせよbにせよ]<br/>[aにしろbにしろ]<br/>V/A/na/N（普）にせよ<br/>na/N にしろ<br/>OK 何にせよ/にしろ<br/>だれにせよ/にしろ<br/>いつにせよ/にしろ<br/>どこにせよ/にしろ|20260421224741|20260724090006|1.7052631578947368
Grammar|86<br/>試験では一秒<b>たりとも</b>時間をむだに使ってはいけません。<br/>（＝たとえ一秒であっても）<br/><br/>その店は、一円<b>たりとも</b>まけてくれませんよ。<br/>（＝たとえ一円であっても）|N<b>たりとも</b>～ない<br/>◆N＝最小の数量<br/>れい　一日<b>たりとも</b><br/>　一滴<b>たりとも</b><br/>　一粒<b>たりとも</b><br/>　一瞬<b>たりとも</b><br/>　一度<b>たりとも</b>|20260629195427|20260724115030|1.6443592874328892
Grammar|99<br/>20年ぶりの故郷の変わり<b>よう</b>に驚いた。<br/>（＝変わったその様子に）<br/><br/>彼女の子どものかわいがり<b>よう</b>は、少し異常なくらいだ。<br/>（＝かわいがる様子は）<br/><br/>ものは考え<b>よう</b>だ。<br/>（＝考え方による）|V<b>ます→よう</b><br/>れい　～<b>よう</b>（とい）ったらない<br/>慣用句　考え<b>よう</b>|20260706180913|20260724190401|1.6303541351739166
Grammar|142<br/>考え<b>に</b>考え<b>て</b>進学を断念した。<br/>（＝よく考えて）<br/><br/>不景気だというのに、高級時計が売れ<b>に</b>売れているという。<br/>（＝次々とよく売れている）<br/><br/>彼女は、嘘<b>に</b>嘘<b>を重ねて</b>男からお金を引き出していた。<br/>（＝次々と嘘を言って）|V<s>ます</s>にV<b>て</b><br/>V<s>ます</s>にV<b>た</b><br/>◆強調<br/>N<b>に</b>N<b>を重ねて</b><br/>れい　研究<b>に</b>研究<b>を重ねて</b><br/>　我慢<b>に</b>我慢<b>を重ねて</b>|20260711173327|20260725023815|1.6303541351739166
Grammar|92<br/>このにおい、なんとかなら<b>ないものか</b>！<br/>（＝どうにかしたい）<br/><br/>大事な時計が壊れてしまった。どうにか直せない<b>ものだろうか</b>。<br/>（＝どうにか直したい）|（どうにか）<br/>（なんとか）<br/>（もう少し）<br/>　Vない<b>もの(だろう)か</b><br/>　Vれない<b>もの(だろう)か</b>|20260711173315|20260725040253|1.6374500789851294
Grammar|26<br/>できない<b>なら</b>できない<b>なりに</b>、無理をしないで少しずつやりましょう。<br/>（＝できないなりにできる範囲で）<br/><br/>貧しい<b>なら</b>貧しい<b>なり</b>の生活をしなければならない。<br/>（＝貧しいならできる範囲の）<br/><br/>結婚式に出席する<br>なら</br>、それ<br>なりの</br>服装をするべきだ。<br/>（＝それにふさわしい）<br/><br/>あなたが会社を辞めた理由は私<b>なり</br>に理解しています。<br/>（＝私が考える範囲で）|(Vるなら)Vる/(Aいなら)Aい/(naなら)na/(Nなら)N->なりに/なりのN|20260422221704|20260725041843|1.7052631578947368
Grammar|83<br/>この状況<b>にあって</b>、利益を伸ばすのは困難だ。<br/>（＝この状況において）<br/><br/>父は大学教授だが、家庭<b>にあっては</b>ふつうの父親です。<br/>（＝家庭においては）|N<b>にあって(は)</b>|20260701185334|20260725095609|1.6443592874328892
Grammar|109<br/>君は見かけ<b>によらず</b>よく食べるね。<br/>（＝見た目には関係なく）<br/><br/>職種<b>によらず</b>、賃金<b>によらず</b>、仕事があれば何でもやります。<br/>（＝職種や賃金に関係なく）<br/><br/>この学習書は、レベル<b>によらず</b>、役に立つので買ったほうがいいでしょう。<br/>（＝レベルには関係なく）|N<b>によらず</b>|20260707190009|20260725173649|1.6303541351739166
Grammar|186<br/>周囲の反対<b>をものともせずに</b>、二人は結婚した。<br/>（＝周囲が反対しているのを全く気にしないで）<br/><br/>消防士たちは、危険<b>をものともせずに</b>、火の中に飛び込んで行った。<br/>（＝危険を全く恐れないで）|N<b>をものともせずに</b><br/>◆問題や困難に負けないで<br/>れい　敵の攻撃<b>をものともせずに</b><br/>　嵐<b>をものともせずに</b>|20260712185448|20260726035606|1.6318116803891927
Grammar|72<br/>やればできる<b>ものを</b>、どうしてやらないんですか。<br/>（＝できるのに）<br/><br/>もう少し頑張れば１位になれた<b>ものを</b>、惜しかったですね。<br/>（＝１位になれたのに）<br/><br/>ちょっと知らせてくれたらいい<b>ものを</b>……。<br/>（＝知らせてくれたらいいのに、なぜ…）|～は V/A/na/N(普)<b>ものを</b><br/>na<b>なものを</b><br/>N<b>であるものを</b><br/>◆残念な気持ちを表す|20260704130743|20260726045621|1.6443592874328892
Grammar|82<br/>娘のため<b>とあれば</b>、どんなことでもします。<br/>（＝娘のためなら）<br/><br/>いいものを安く買える<b>とあれば</b>、遠くの店でも喜んで行きます。<br/>（＝安く買えるなら）|V/A/na/N(普)<b>とあれば</b><br/>na/N<b>とあれば</b><br/>◆強調|20260618200940|20260726143404|1.6510866746057078
Grammar|159<br/>昨日見た映画は、つまらない<b>といったらなかった</b>。<br/>（＝とてもつまらなかった）<br/><br/>今日は１２時間も仕事をした。疲れた<b>といったらありゃしない</b>。<br/>（＝とても疲れた）|Aい/na<br/>　<b>（とい）ったら</b><br/>　<b>ない</b><br/>　<b>ありはしない</b><br/>　<b>ありゃしない</b><br/>◆VやNでも使えるものがある<br/>れい　腹が立つ<b>（とい）ったらない</b><br/>　喉が渇く<b>（とい）ったらない</b><br/>　美しさ<b>（とい）ったらない</b>|20260705134604|20260726160020|1.6303541351739166
Grammar|180<br/>彼の態度は失礼<b>極まる</b>。<br/>（＝これ以上ないほど失礼だ）<br/><br/>昨日見た映画は、平凡<b>極まる</b>内容だった。<br/>（＝非常に平凡な）<br/><br/>結婚式で両親の言葉を聞いて、彼女は感極まって泣き出した。<br/>（＝感情が最高に達して）|na<b>極まる</b><br/>◆慣用的表現<br/>れい　感<b>極まる</b><br/>　不愉快<b>極まる</b><br/>　退屈<b>極まる</b><br/>　卑劣<b>極まる</b>|20260710192039|20260726175441|1.623066409097536
Grammar|73<br/>彼は、大学教授<b>(で)すら</b>気が付かなかった問題点を指摘した。<br/>（＝大学教授でも／でさえ）<br/><br/>この悩みは親友<b>にすら</b>言えない。<br/>（＝親友にも／親友にさえも）|N<b>(で)すら</b><br/>N<b>(に)すら</b><br/>◆強調|20260621141749|20260727083553|1.6510866746057078
Grammar|187<br/>子ども<b>ではあるまいし</b>、泣くのはやめなさい。<br/>（＝子どもではないのだから）<br/><br/>夏<b>じゃあるまいし</b>、この冬にTシャツ1枚で外出するなんて、頭がどうかしているよ。<br/>（＝夏ではないのだから）|N<b>ではあるまいし</b><br/>N<b>じゃあるまいし</b>|20260708191403|20260727151224|1.623066409097536
Grammar|182<br/>優勝できて、感激<b>の極み</b>です。<br/>（＝最高に感激している）<br/><br/>長時間の試合で、選手たちは疲労<b>の極み</b>に達していた。<br/>（＝疲労の程度が最高の状態）|N<b>の極み</b><br/>◆程度が最高<br/>れい　贅沢<b>の極み</b><br/>　残念<b>の極み</b><br/>　無知<b>の極み</b>|20260708191243|20260728005809|1.623066409097536
Grammar|95<br/>多大な損害を与えたのだから、謝るだけ<b>ではすまない</b>。<br/>（＝謝るだけでは許されない）<br/><br/>これ以上彼をからかうのはやめなさい。冗談<b>じゃすまなくなる</b>よ。<br/>（＝冗談では許されなくなる）|V/A/na/N(普)<br/>　<b>では</b><br/>！ na<b>だ</b><br/>　N<b>だ</b><br/>　<b>じゃ</b><br/>　<b>だけでは</b><br/>　<b>すまない</b><br/>◆「済まない」とも書く|20260707190037|20260728202522|1.6303541351739166
Grammar|98<br/>先日見た富士山はたとえ<b>ようがない</b>美しさだった。<br/>（＝たとえる方法がない）<br/><br/>こんなところで地震が起きたら、逃げ<b>ようがない</b>。<br/>（＝逃げる方法がない）|V<b>ます→よう</b><br/>　<b>がない</b><br/>　<b>もない</b><br/>　<b>のない</b>N<br/>慣用句　どうし<b>ようもない</b><br/>（＝どうする方法もない）|20260707190111|20260728235605|1.6374500789851294
Grammar|81<br/>今日は休日<b>とあって</b>、車の混雑が激しい。<br/>（＝休日だから）<br/><br/>久しぶりの再会<b>とあって</b>、彼らは何時間も話していた。<br/>（＝久しぶりの再会だから）|V/A/na/N(普)<b>とあって</b><br/>na/N<b>とあって</b><br/>◆自分のことにはあまり使わない|20260707190000|20260729000434|1.6443592874328892
Grammar|188<br/>学生を恐喝するとは、教師<b>にあるまじき</b>行為だ。<br/>（＝教師という立場の人間にあってはならない）|N₁<b>にあるまじき</b>N₂<br/>◆N₂＝こと／発言／行動／態度|20260712185613|20260729001802|1.623066409097536
Grammar|59<br/>熱意と努力<b>をもって</b>、仕事をしてください。<br/>（＝熱意と努力で）<br/><br/>彼の実力<b>をもって</b>すれば、成功するだろう。<br/>（＝彼の実力でやってみれば）<br/><br/>地震の恐ろしさを身を<b>もって</b>経験した。<br/>（＝自分自身で／実際に自分が）<br/><br/>これ<b>をもって</b>、始まりのあいさつとさせていただきます。<br/>（＝これで）<br/><br/>本日<b>をもって</b>、セールは終了となります。<br/>（＝本日で）<br/><br/>１０月３１日<b>をもちまして</b>、退職いたしました。<br/>（＝１０月３１日で）|① Nを<b>もって</b><br/>◆N＝手段／方法<br/>② N（期限）を<b>もって</b><br/>（＝Nを限りに／N限りで）<br/>れい ○月○日を<b>もって</b>|20260426162353|20260729030516|1.7052631578947368
Grammar|139<br/>来日<b>の折には</b>、私がご案内します。<br/>（＝来日したときには）<br/><br/>私は、早朝の散歩<b>の折に</b>、花のスケッチをしています。<br/>（＝散歩のときに）|V/A/na/N(普)<br/>！ na<b>だ</b>→<b>な</b><br/>　N<b>だ</b>→<b>の</b><br/>　<b>折に(は)</b>|20260709201441|20260729073856|1.6374500789851294
Grammar|118<br/>おとなしく引っ込み思案な姉<b>にひきかえ</b>、妹のほうは社交的で友達も多い。<br/>（＝姉と比べ、違って）<br/><br/>隣の立派な家<b>にひきかえ</b>、うちの家は古くてみすぼらしい。<br/>（＝隣の立派な家と比べて、違って）|N₁<b>にひきかえ</b>N₂は|20260709201448|20260729132528|1.638869267747372
Grammar|96<br/>彼女の演技は見る人を感動させ<b>ずにはおかない</b>。<br/>（＝必ず感動させる）<br/><br/>長引く不況は国民を苦しめ<b>ずにはおかない</b>。<br/>（＝必ず苦しめてしまう）<br/><br/>この事件は、政治に影響を与え<b>ずにはおかなかった</b>。<br/>（＝自然と影響を与えた）|V<b>ない→ずにはおかない</b><br/>！ しない→<b>せず</b><br/>V<b>ないではおかない</b><br/>◆硬い表現|20260624200546|20260730132101|1.6374500789851294
Grammar|105<br/>多くの人の協力を得て、この実験が成功する<b>に至りました</b>。<br/>（＝成功したという状況になりました）<br/><br/>今<b>に至っては</b>もう何もできません。<br/>（＝今の状況になってしまったら）<br/><br/>手術<b>に至らず</b>、薬だけで治った。<br/>（＝手術をするような状況にならないで）|N<br/>　<b>に至る</b><br/>　<b>に至って(は／も)</b><br/>Vる<br/>　<b>に至らず</b>|20260707190027|20260730205547|1.6374500789851294
Grammar|80<br/>社長は将棋が趣味で、腕前は<b>プロ並み</b>だということだ。<br/>（＝プロとほとんど同じ程度）<br/><br/>裕福ではありませんが、世間<b>並み</b>の生活をしています。<br/>（＝世間の人々と同じ程度の生活）|N<b>並み</b><br/>れい　新幹線<b>並み</b>のスピード<br/>日本人<b>並み</b>に日本語を話す<br/>休日<b>並み</b>の混雑<br/>平年<b>並み</b>の気温<br/>慣用句　一人<b>並み</b>（＝平均的）|20260704131104|20260731011901|1.6443592874328892
Grammar|62<br/>その学生は、授業の終わりのベルが鳴る<b>が早いか</b>、教室を出て行った。<br/>（＝ベルが鳴るのとほとんど同時に／鳴ったとたんに）<br/><br/>そのタクシーは、信号の色が変わる<b>が早いか</b>、車を発進させた。<br/>（＝変わるのとほとんど同時に／変わったとたんに）|Vる<b>が早いか</b>|20260428190702|20260731055303|1.7052631578947368
Grammar|127<br/>生徒たちの<b>手前</b>、この言葉を知らないとは言えない。<br/>（＝生徒たちの前で、教師という自分の立場として）<br/><br/>必ず行くと言った<b>手前</b>、休むわけにはいかない。<br/>（＝必ず行くと言ったから、自分の立場として）|N<b>の手前</b><br/>V(普)<b>手前</b>|20260627175944|20260801000106|1.6443592874328892
Grammar|114<br/>ここに駐車する<b>べからず</b>。<br/>（＝駐車するな）<br/><br/>芝生に入る<b>べからず</b>。<br/>（＝入るな）<br/><br/>ビル内でたばこを吸う<b>べからず</b>。<br/>（＝吸うな）<br/><br/>初心、忘る<b>べからず</b>。<br/>（＝忘れるな）＊「忘る」：「忘れる」の古い形。|Vる<b>べからず</b><br/>◆看板や掲示の禁止事項に使われる|20260621141728|20260801012216|1.6443592874328892
Grammar|136<br/>アンケート結果<b>を踏まえて</b>、業務を改善したいと思います。<br/>（＝アンケート結果をもとにして）<br/><br/>我が国の問題点を、事実<b>を踏まえて</b>説明しなさい。<br/>（＝事実をもとにしながら）|N<b>を踏まえて</b><br/>れい　意見<b>を踏まえて</b><br/>　経験<b>を踏まえて</b><br/>　議論<b>を踏まえて</b><br/>　状況<b>を踏まえて</b><br/>　○○の話<b>を踏まえて</b>|20260627180038|20260802145228|1.6443592874328892
Grammar|116<br/>その映画は、世界<b>に先駆けて</b>、日本での上映が決まった。<br/>（＝世界で一番早く）<br/><br/>その会社は、他社<b>に先駆けて</b>、低燃費の車を開発した。<br/>（＝他社よりも早く）|N<b>に先駆けて</b>|20260628124159|20260803011552|1.6443592874328892
Grammar|135<br/>私は趣味<b>と</b>実益<b>を兼ねて</b>イラストをかいています。<br/>（＝趣味と実益の両方の目的で）<br/><br/>英語の勉強<b>も兼ねて</b>、１カ月はアメリカを旅行してきます。<br/>（＝英語の勉強も目的として）|（N<b>と</b>）N<b>を兼ねて</b><br/>N<b>も兼ねて</b>|20260628124035|20260803011607|1.6443592874328892
Grammar|117<br/>久しぶりに会った彼女は、以前<b>にもまして</b>美しかった。<br/>（＝以前も美しかったが、以前よりもっと）<br/><br/>今日は平日なのに、いつ<b>にもまして</b>お客さんが多い。<br/>（＝いつも多いが、いつもよりもっと）|Nに<b>もまして</b><br/>◆「増して」とも書く<br/>慣用句<br/>だれに<b>もまして</b>（＝だれよりも）<br/>何<b>にもまして</b>（＝なによりも）<br/>どこに<b>もまして</b>（＝どこよりも）|20260701185303|20260803070148|1.6443592874328892
Grammar|102<br/>その店は安くておいしい<b>ときている</b>から、いつも客でいっぱいだ。<br/>（＝安くておいしいから当然）<br/><br/>田中さんは明るくて優秀<b>ときている</b>ので、就職には困らないでしょう。<br/>（＝明るくて優秀なので当然）|V/A/na/N(普)<b>ときている</b><br/>N<b>ときている</b>|20260701185316|20260803070449|1.6443592874328892
Grammar|164<br/>どんなに頑張っても、彼の成績<b>には及ばない</b>。<br/>（＝彼の成績のレベルには達しない）<br/><br/>そのオリンピック選手は優勝したが、世界記録<b>には及ばなかった</b>。<br/>（＝世界記録には達しなかった）<br/><br/>足元<b>にも及ばない</b>。<br/>（＝相手のほうがはるかに優れている）|N<b>には及ばない</b><br/>◆「そのレベルには達していない」という意味<br/>慣用句　足元<b>にも及ばない</b>|20260709201435|20260803072540|1.638869267747372
Grammar|89<br/>彼は会社を辞めたいらしい。その気持ちはわから<b>なくはない</b>。<br/>（＝わかると言っていい）<br/><br/>でき<b>なくはない</b>が、自信がないからやりたくない。<br/>（＝できると言っていい）<br/><br/>それくらいのマンションなら、無理すれば買え<b>なくもない</b>。<br/>（＝買えるかもしれない）|Aくなく<br/>naでなく<br/>Vなく<br/>Vられなく<br/>　<b>はない</b><br/>　<b>もない</b><br/>Nがなくはない<br/>Nがなくもない<br/>◆消極的に肯定する言い方|20260706180851|20260803075826|1.6443592874328892
Grammar|107<br/>検査の結果<b>いかんでは</b>、入院もありえます。<br/>（＝結果次第で／結果によっては）<br/><br/>来月の業績<b>いかんによっては</b>、閉店することも考えている。<br/>（＝来月の業績次第で／業績によっては）|N（の）<b>いかんだ</b>。<br/>N（の）<b>いかんで(は)</b><br/>N（の）<b>いかんによって(は)</b><br/>◆硬い表現|20260626212402|20260803172249|1.6443592874328892
Grammar|87<br/>歌舞伎については、多少<b>なりとも</b>知っています。<br/>（＝少しは）<br/><br/>お嬢さんに一目<b>なりとも</b>会わせていただけませんでしょうか。<br/>（＝一目だけでも）|N<b>なりと(も)</b><br/>◆疑問詞や例示につく<br/>れい　わずか<b>なりとも</b><br/>　どこへ<b>なりとも</b>|20260626212109|20260803205404|1.6510866746057078
Grammar|153<br/>これは50年間の使用<b>にたえる</b>丈夫な製品です。<br/>（＝使用が十分可能な）<br/><br/>この展示は鑑賞<b>にたえる</b>作品が少ない。<br/>（＝鑑賞する価値のある）|Vる<b>にたえる</b><br/>N<s>するにたえる</s><br/>れい　議論<b>にたえる</b><br/>　読む<b>にたえる</b><br/>　見る<b>にたえる</b><br/>　聞く<b>にたえる</b><br/>◆「耐える」「堪える」とも書く|20260713190933|20260803215926|1.638869267747372
Grammar|20<br/>そこまで歩いて行く<b>とすれば</b>、30分くらいかかるだろう。<br/>（＝もし歩いて行ったら）<br/><br/>その話が本当だ<b>とすると</b>、大変なことになる。<br/>（＝もし本当なら）|V/A/na/N(普)->(とみられえる/とすると)|20260421224544|20260804010207|1.7880263157894736
Grammar|150<br/>愛ちゃん、大きくなってずいぶん大人<b>びて</b>きましたね。<br/>（＝大人っぽくなって）<br/><br/>もっと！男は、悪<b>びれる</b>様子もなく、取り調べに応じている。<br/>（＝悪いと思っている）|N<br/>A<s>い</s><br/>　<b>びる</b><br/>　<b>びて～</b><br/>　<b>びた</b>N<br/>れい　古<b>びた</b>コイン<br/>　悪<b>びる</b>→悪<b>びれる</b>|20260702195019|20260804082517|1.6443592874328892
Grammar|100<br/>① 電車が止まっているので、会社に行こ<b>うにも</b>行<b>けない</b>。<br/>（＝行こうとしても行く方法がない）<br/><br>警察官なのに振り込め詐欺にあって、泣く<b>にも</b>泣<b>けない</b>。<br/>（＝泣きたいけれど泣くことができない）<br/><br/>② 結婚しよう<b>にも</b>相手がいない。<br/>（＝結婚したいが）<br/><br/>天ぷらを作る<b>にも</b>作り方がわからない。<br/>（＝作りたいが、作ろうとしても）|①V<b>ようにも</b>Vれない。<br/>Vる<b>にも(も)</b>Vれない。<br/>◆何か理由があってできないときに使う<br/>②V<b>ようにも</b>…<br/>Vる<b>にも</b>…<br/>◆…は Vができない理由|20260702195139|20260804082558|1.6443592874328892
Grammar|104<br/>彼の<b>ごとき</b>人物は忘れられて当然だ。<br/>（＝彼のような人物）<br/><br/>そのような莫大な金額は、我々の<b>ごとき</b>庶民には払えるはずがない。<br/>（＝我々のような庶民が）|N1<b>のごとき</b>N2<br/>N<b>ごとき</b><br/>◆硬い表現<br/>◆批判・軽蔑を表すことが多い|20260702195323|20260804083246|1.6443592874328892
Grammar|71<br/>テレビを見る<b>ともなく</b>見ていたら、私の学校が映っていた。<br/>（＝特に見るつもりではなく）<br/><br/>休みの日にはどこへ行く<b>ともなしに</b>ドライブすることが多い。<br/>（＝特にどこに行くという目的もなく）|Vる<b>ともなく</b>V<br/>Vる<b>ともなしに</b>V<br/>れい 聞く<b>ともなしに</b>聞く<br/>何をする<b>ともなく</b>、ただ座っていた<br/>慣用句 いつから<b>ともなく</b><br/>どこへ<b>ともなく</b>|20260629195418|20260805053059|1.6510866746057078
Grammar|36<br/>デザイン<b>といい</b>、色<b>といい</b>、すごく気に入った靴があったんだけれど、サイズがなかった。<br/>（＝デザインも色も）<br/><br/>運動<b>といい</b>勉強<b>といい</b>、僕は何をやってもダメだ。<br/>（＝運動も勉強も）|N1<b>といい</b>N2<b>といい</b><br/>♦あるものについての評価　N1と言う点から言っても、N2と言う点から言っても|20260504101738|20260805075623|1.7052631578947368
Grammar|40<br/>彼女はニキビに悩んでいて、鏡を見<b>ては</b>ため息をついている。<br/>（＝鏡を見るたびに）<br/><br/>子どものころ、弟とけんかし<b>ては</b>、母にしかられたものだ。<br/>（＝けんかするたびに）|V1<b>ては</b>V2<br/>◆V1→V2の流れが何度も繰り返されることを表す|20260504101520|20260805075900|1.7052631578947368
Grammar|29<br/>雨が降ろ<b>うと</b>雪が降ろ<b>うと</b>、明日の集まりには必ず行くよ。<br/>（＝雨が降っても雪が降っても）<br/><br/>私は肉だろ<b>うが</b>魚だろ<b>うが</b>、なんでも食べます。<br/>（＝肉でも魚でも）<br/><br/>新品であろ<b>うと</b>、中古であろ<b>うと</b>、そんな型の古いパソコンは買うべきではないと思う。<br/>（＝新品でも中古でもどちらの場合でも）<br/><br/>明日、時間があろ<b>うと</b>なかろ<b>うと</b>、連絡だけは入れてください。<br/>（＝時間があってもなくても）|aうとbうと<br/>aうがbうが<br/>Vよう/Aかろう/(na/N)だろう/na/Nであろう->が/と<br/>慣用句 ~だろうとなかろうと|20260504095950|20260805200024|1.7052631578947368
Grammar|7<br/>中級漢字はできる<b>ものとして</b>、上級漢字のクラスを取った。<br/>（＝できると考えて）<br/><br/>田中さんはもう来ない<b>ものとして</b>、始めましょう。（＝来ないと考えて）|V/A/na/N(普)ものとして|20260423201132|20260805215408|1.7880263157894736
Grammar|184<br/>この番組も、<b>遅かれ早かれ</b>視聴者に飽きられるだろう。<br/>（＝その時期が遅いか早いかはわからないが）<br/><br/>若い女性なら、<b>多かれ少なかれ</b>セクハラを経験したことがあるだろう。<br/>（＝その人数が多いか少ないかはわからないが）|Aい<b>かれ</b>Aい<b>かれ</b><br/>◆慣用的表現<br/>慣用句　<b>遅かれ早かれ</b><br/>　<b>多かれ少なかれ</b><br/>　<b>良かれ悪しかれ</b>|20260712185439|20260806015943|1.6245633474267385
Grammar|28<br/>先生<b>であれ</b>学生<b>であれ</b>、この規則には従わなければならない。<br/>（＝先生でも学生でもだれでも）<br/><br/>彼がだれ<b>であれ</b>、特別扱いするのはおかしい。<br/>（＝彼がだれでも）|aであれbであれ<br/>N/naであれ<br/>慣用句　だれであれ、どこであれ、　何であれ|20260505182426|20260806154420|1.7052631578947368
Grammar|64<br/>やっとテストが終わって休める<b>と思いきや</b>、宿題をたくさん出された。<br/>（＝休めると思ったが、以外にもすぐに）<br/><br/>宝くじに当たった<b>かと思いきや</b>、番号を見間違えていた。<br/>（＝一瞬当たったと思ったが）|V／N（普）<b>(か)と思いきや</b>|20260505192123|20260807053013|1.7052631578947368
Grammar|106<br/>会社の面接で、貯金の額<b>に至るまで</b>、いろいろ聞かれた。<br/>（＝貯金の額まで）<br/><br/>ここでは人間から微生物<b>に至るまで</b>、あらゆる生物の研究が行われている。<br/>（＝微生物まで）|（～から）N<b>に至るまで</b><br/>◆「そんなことまで」という気持ちを表す場合もある|20260630201658|20260807141456|1.6374500789851294
Grammar|74<br/>先生<b>にして</b>間違えるのだから、できないのは当然である。<br/>（＝先生でも）<br/><br/>竜巻が一瞬<b>にして</b>家を吹き飛ばした。<br/>（＝一瞬で）<br/><br/>彼は、医者<b>にして</b>、画家でもある。<br/>（＝医者で、また）|N<b>にして</b>|20260624200606|20260808064625|1.6510866746057078
Grammar|103<br/>すでに述べた<b>(が)ごとく</b>、この調査方法にはいくつかの問題点がある。<br/>（＝言ったように）<br/><br/>そのろう人形は、まるで生きている<b>かのごとく</b>、我々を見ていた。<br/>（＝生きているかのように）|Vる／Vた<b>(が)ごとく</b><br/>N<b>のごとく</b><br/>V/A/na/N(普)<b>かのごとく</b><br/>！ N<b>である</b><br/>　na<b>である</b><br/>◆硬い表現<br/>慣用句　湯水<b>のごとく</b><br/>（＝お湯や水のように）<br/>→無駄に使うことのたとえ|20260706180928|20260808073933|1.6443592874328892
Grammar|94<br/>田中さんには本当にお世話になった。なにかお礼をせ<b>ずにはすまない</b>。<br/>（＝お礼をしないわけにはいかない／お礼をしなければならない）<br/><br/>汚職が発覚した以上、彼は議員を辞職せ<b>ずにはすまない</b>だろう。<br/>（＝辞職しないわけにはいかない／辞職しなければならない）|V<b>ない→ずにはすまない</b><br/>！ しない→<b>せずに</b><br/>V<b>ないで(は)すまない</b><br/>◆「済まない」とも書く|20260630201457|20260808233630|1.6374500789851294
Grammar|143<br/>どこの職場にも、意地の悪い先輩が一人<b>や</b>二人いる。<br/>（＝一人か二人）<br/><br/>一年<b>や</b>二年働いても、たいして貯金はできない。<br/>（＝一年か二年）|N₁<b>や</b>N₂<br/>◆Nは数量を表す言葉<br/>れい　１万<b>や</b>２万のお金<br/>　３つ<b>や</b>４つの子ども|20260708191316|20260810113834|1.6443592874328892
Grammar|121<br/>契約のとき、言われる<b>ままに</b>署名している人が多い。<br/>（＝言われる通りに）<br/><br/>ゆうべは同僚に誘われる<b>ままに</b>飲みに行った。<br/>（＝誘われて、断ることもしないで）<br/><br/>あなたが思う<b>まま</b>、話してください。<br/>（＝思うとおりに）|Vる(が)<b>まま(に)</b><br/>◆「Vられるが(まま)」はほかの人の意志のとおりという意味|20260710192030|20260811061750|1.645741129122441
Grammar|115<br/>学生を、脅迫してお金をゆするとは、教師として許す<b>べからざる</b>行為である。<br/>（＝絶対に許してはいけない）<br/><br/>彼は、わがチームには欠く<b>べからざる</b>選手である。<br/>（＝絶対に欠いてはいけない）|Vる<b>べからざる</b>N<br/>◆硬い表現|20260629195531|20260811065755|1.6374500789851294
Grammar|101<br/>うちの息子<b>ときたら</b>、もうすぐ試験なのに遊んでばかりいるんですよ。<br/>（＝うちの息子のことを言えば）<br/><br/>最近はやっている歌<b>ときたら</b>、心に残らないものばかりだ。<br/>（＝最近はやっている歌について言えば）|N<b>ときたら</b><br/>◆非難の気持ちを表すことが多い|20260706180955|20260811161212|1.6443592874328892
Grammar|76<br/>① 大臣<b>ともなると</b>、自由に行動できない。<br/>（＝大臣のような重要な地位の人物になったら）<br/><br/>② いざ出発<b>となると</b>、不安になってきた。<br/>（＝出発しようとするときになって）<br/><br/>銀行でお金を借りる<b>となったら</b>、手続きが大変だ。<br/>（＝借りようとしたら）<br/><br/><b>いざとなったら</b>。<br/>（＝重大な状況に直面したら）|① N<b>とも</b>［<b>なると</b>／<b>なれば</b>］<br/>② Nと［<b>なると</b>／<b>なれば</b>／<b>なったら</b>］<br/>V(普)と［<b>なると</b>／<b>なれば</b>／<b>なったら</b>］|20260706180943|20260812022314|1.6510866746057078
Grammar|134<br/>20年の時<b>を経て</b>、伝説のバンドが復活する。<br/>（＝20年という時がたって）<br/><br/>その選手は、オリンピック<b>を経て</b>、急激に力をつけてきた。<br/>（＝オリンピックを経験して）<br/><br/>複雑な手続き<b>を経て</b>、証明書が発行された。<br/>（＝複雑な手続きをした後に）|N<b>を経て</b><br/>◆N＝時、場所、過程、経験など|20260710192005|20260812123251|1.645741129122441
Grammar|120<br/>冗談の<b>つもりで</b>言ったのに、本気にされてしまった。<br/>（＝冗談という気持ちで）<br/><br/>カラオケでは、いつも歌手になった<b>つもりで</b>歌っている。<br/>（＝歌手になったという気持ちで）<br/><br/>自分では若い<b>つもりだ</b>が、年には勝てません。<br/>（＝若いという気持ちだが）|Vる/Vた<br/>Aい<br/>naな<br/>Nの<br/>　<b>つもりで</b><br/>　<b>つもりだ</b><br/>◆「事実は違う」という意味|20260710192019|20260812123511|1.645741129122441
Grammar|140<br/>引っ越し<b>を機に</b>、不用品を処分しよう。<br/>（＝引っ越しを機会として）<br/><br/>会社を辞めた<b>のを機に</b>、水泳を始めた。<br/>（＝会社を辞めたのを機会として）|N<b>を機に(して)</b>|20260714191615|20260813001151|1.638869267747372
Grammar|11<br/>よくできる彼の<b>ことだから</b>、合格は間違いないでしょう。<br/>（＝彼はよくできるから、きっと）<br/><br/>全員そろった<b>ことだから</b>、時間前だけれど始めましょうか。<br/><br/>もう誰も来ない<b>ことだし</b>、店を閉めよう。<br/>（＝もう誰も来ないから）|Nのことだから<br/>♦推量がつづく<br/><br/>V/A/na/N(普)->ことだから/ことだし|20260512205751|20260813181936|1.7052631578947368
Grammar|133<br/>親の心配<b>をよそに</b>、彼女は一人旅に出かけた。<br/>（＝親が心配しているということを気にしないで）<br/><br/>外食産業が不景気なの<b>をよそに</b>、そのレストランはいつもにぎわっている。<br/>（＝不景気なのと関係なく）|N<b>をよそに</b><br/>れい　親の反対<b>をよそに</b><br/>　住民の不安<b>をよそに</b><br/>　周囲の期待<b>をよそに</b><br/>　反対の声<b>をよそに</b><br/>　○○が苦しんでいるの<b>をよそに</b>|20260709201427|20260814191354|1.645741129122441
Grammar|24<br/>これは忘れよう<b>としたところで</b>、忘れられない出来事だ。<br/>（＝忘れようとしても）<br/><br/>今から急いだ<b>としたって</b>、間に合わないだろう。<br/>（＝急いだとしても）|V/A/na/N(普)->(としたところで/としたって)|20260514195036|20260816055147|1.7052631578947368
Grammar|146<br/>知り<b>もしないで</b>偉そうなことを言うな。<br/>（＝よく知らないのに）<br/><br/>彼は、いつもやり<b>もしないで</b>、できないと言う。<br/>（＝少しもやらないのに）|V<s>ます</s>もしないで<br/>◆強調<br/>れい　謝り<b>もしないで</b><br/>　見向き<b>もしないで</b>|20260714191504|20260816114853|1.645741129122441
Grammar|148<br/>新入社員で慣れぬ<b>こととて</b>、失礼があればお許しください。<br/>（＝慣れないから）<br/><br/>年末年始は休業中<b>のこととて</b>、この時期の依頼にはすぐに対応ができない。<br/>（＝休業中だから）|V/A/na/N(普)<b>こととて</b><br/>！ N<s>だ</s>→<b>の</b><br/>　na<s>だ</s>→<b>な</b><br/>！ ない→<b>ぬ</b><br/>◆硬い表現|20260714191543|20260816114946|1.645741129122441
Grammar|15<br/>彼の仕事ぶりには感心<b>させられる</b>。<br/>（＝感心している）<br/>隣の家の騒音に悩ま<b>されている</b>。<br/>（＝悩んでいる）|Vさせられる[自発の使役受身形]|20260515195947|20260817014653|1.7052631578947368
Grammar|110<br/>円安の影響は、輸入業者<b>にとどまらず</b>、一般家庭にも及んでいる。<br/>（＝輸入業者だけでなく／輸入業者のみならず）<br/><br/>A社は、材料の偽装<b>にとどまらず</b>、食品の消費期限の改ざんも行っていた。<br/>（＝材料の偽装だけでなく／材料の偽装のみならず）<br/><br/>彼はそのレストランで、文句を言う<b>にとどまらず</b>、テーブルをひっくり返してしまった。<br/>（＝文句を言うだけでなく／文句を言うのみならず）|N<b>にとどまらず</b>(～も)<br/>Vる<b>にとどまらず</b>(～も)<br/>◆硬い表現|20260710192001|20260817080646|1.645741129122441
Grammar|129<br/>彼はお金をもうけ<b>んがために</b>、ずいぶんひどいことをやってきた。<br/>（＝もうけるために）<br/><br/>一人の青年がおぼれている子どもを救わ<b>んがために</b>、川に飛び込んだ。<br/>（＝救うために）|V<b>ます→んが</b><br/>！ しない→<b>せんが</b><br/>　<b>ために</b><br/>　<b>ための</b>N<br/>◆強い意志を表す|20260712185504|20260817180523|1.645741129122441
Grammar|132<br/>彼女<b>をおいてほかに</b>その仕事ができる人はいない。<br/>（＝彼女以外には）<br/><br/>進学するなら、A大学<b>をおいてほかに</b>考えられない。<br/>（＝A大学以外には）|N<b>をおいて(ほかに)</b>Vない|20260712185621|20260817180902|1.645741129122441
Grammar|90<br/>今すぐ会社を出れば、コンサートに間に合わ<b>ないものでもない</b>。<br/>（＝もしかしたら、間に合うかもしれない）<br/><br/>条件によっては、その仕事を引き受け<b>ないものでもない</b>。<br/>（＝もしかしたら、引き受けるかもしれない）|Vない<b>(もの)でもない</b><br/>◆可能性があるときに使う|20260712185605|20260817214509|1.6524321520402716
Grammar|84<br/>お客様<b>あっての</b>仕事だから、言葉遣いに気を付けてください。<br/>（＝お客様があって初めてできる仕事）<br/><br/>健康<b>あっての</b>人生だ。病気にならないよう気を付けよう。<br/>（＝人生は健康が第一だ）|N1<b>あっての</b>N2|20260703202029|20260818212617|1.6510866746057078
Grammar|49<br/>日本が狭いということは、言う<b>までもない</b>。<br/>（＝言わなくてもみんなが知っている）<br/><br/>その件については、社長に許可を取る<b>までもない</b>。<br/>（＝許可を取る必要はない）<br/><br/>アルコール検査をする<b>までもなく</b>、彼が酔っていることは明白だ。<br/>（＝検査をする必要がないほど）|Vる<b>までもない</b>|20260517202916|20260819071108|1.7052631578947368
Grammar|108<br/>理由<b>のいかんにかかわらず</b>、ここに駐車をしてはいけない。<br/>（＝どんな理由であるかは関係なく）<br/><br/>この講義は専攻<b>のいかんにかかわらず</b>、全員受けてください。<br/>（＝専攻が何かに関係なく）<br/><br/>判断力<b>いかんによらず</b>、18歳以上であれば選挙権がある。ただし、認知症の場合などは問題があるだろう。<br/>（＝判断力があるかどうかは関係なく）|N(の)<b>いかんにかかわらず</b><br/>N(の)<b>いかんによらず</b><br/>◆硬い表現|20260714191605|20260821025926|1.6374500789851294
Grammar|50<br/>いとこの結婚式に出られないとは、残念な<b>限りだ</b>。<br/>（＝とても残念だ）<br/><br/>年を取って、お金もなく、家族もいないのは、心細い<b>限りです</b>。<br/>（＝とても心細い）|Aい<b>限りだ</b><br/>naな<b>限りだ</b><br/>◆うれしい<b>限り</b><br/>寂しい<b>限り</b><br/>心強い<b>限り</b><br/>頼もしい<b>限り</b>|20260519181346|20260821042656|1.7052631578947368
Grammar|66<br/>父は農業<b>のかたわら</b>、小さい店を経営している。<br/>（＝農業をしながら）<br/><br/>彼女は俳優の仕事をする<b>かたわら</b>、家事もきちんとやっている。<br/>（＝仕事をしながら）|[aの<b>かたわら</b>B]=主になると<br/>Nの<b>かたわら</b><br/>Vる<b>かたわら</b><br/>◆同時に行うことは仕えない|20260508185929|20260821105459|1.7880263157894736
Grammar|43<br/>最近のゲームは、子どもにいい<b>とも</b>悪い<b>とも</b>言えない。あるものは脳の発達に高価があるらしい<br/>（＝いい思いと決めるkとはできない）<br/><br/>これは本物<b>とも</b>偽物<b>とも</b>判断できない。<br/>（＝本物か偽物か）|a<b>とも</b>b<b>とも</b><br/>N<b>とも</b><br/>V/A/na/N（普）<b>とも</b><br/>◆判定ができない／結論が出ないときに使う<br/>慣用句：うんともすんとも言わない|20260520205508|20260821223248|1.7052631578947368
Grammar|17<br/>田中さんは忙しい<b>とみえて</b>、このごろ電話もしてこない。<br/>（＝忙しいようで）<br/><br/>それを聞いて、彼はしばらく声も出せなかった。かなり驚いた<b>とみえる</b>。<br/>（＝驚いたようだ）|V/A/na/N(普)と(みえる/みえて)5t|20260520205748|20260822065249|1.7052631578947368
Grammar|91<br/>今の車の性能は、昔<b>とは比べものにならない</b>。<br/>（＝全然違うので比べることができない）<br/><br/>彼の成績は、私<b>とは比べものにならない</b>ほどいい。<br/>（＝レベルが全然違って比べることができない）|N<b>とは比べものにならない</b>|20260627180021|20260822140356|1.6510866746057078
Grammar|79<br/>彼とは長年家族<b>ぐるみ</b>の付き合いをしている。<br/>（＝家族全員の）<br/><br/>子どもたちの非行を減らすために、町<b>ぐるみ</b>で活動をしている。<br/>（＝町全体で）|N<b>ぐるみ</b><br/>れい　地域<b>ぐるみ</b><br/>組織<b>ぐるみ</b><br/>慣用句　身<b>ぐるみ</b>はがされる<br/>（＝身に着けているものも全部とられる）|20260627180011|20260822141645|1.6510866746057078
Grammar|77<br/>黒<b>ずくめ</b>の服装をする。<br/>（＝全部が黒の）<br/><br/>規則<b>ずくめ</b>のこの学校をやめたい。<br/>（＝規則ばかりの）<br/><br/>去年は悪いこと<b>ずくめ</b>の年だった。今年はいい年でありますように。<br/>（＝悪いことばかりの）|N<b>ずくめ</b><br/>れい　白<b>ずくめ</b><br/>記録<b>ずくめ</b><br/>いいこと<b>ずくめ</b><br/>ごちそう<b>ずくめ</b><br/>異例<b>ずくめ</b><br/>ダメ　ほこり<b>ずくめ</b><br/>→ほこりだらけ|20260712185559|20260822213130|1.6510866746057078
Grammar|41<br/>食べ<b>ては</b>寝て、食べ<b>ては</b>寝てという生活を続けていたら、この半年で10キロも太ってしまった。<br/>（＝食べてそのあと寝る。それを繰り返す）<br/><br/>久しぶりに山登りをした。歩い<b>ては</b>休み、していたので、頂上までたどりつくのにずいぶん長い時間がかかった。<br/>（＝歩いてすぐ休む。それを繰り返す）|V1<b>ては</b>V2て、(V1<b>ては</b>V2て)<br/>V1<b>ては</b>V2<s>ます</s>、(V1<b>ては</b>V2<s>ます</s>)|20260522193438|20260824055108|1.7052631578947368
Grammar|70<br/>先生の許可<b>なしに</b>、それは使え<b>ません</b>。<br/>（＝許可がなかったら）<br/><br/>あなた<b>なしでは</b>生きていけ<b>ない</b>。<br/>（＝あなたがいなかったら）<br/><br/>みなさんの協力<b>なしには</b>、でき<b>ません</b>。<br/>（＝協力がなかったら）|N<b>なしに(は)</b>…ない<br/>N<b>なしでは</b>…ない|20260628124123|20260824152941|1.6510866746057078
Grammar|45<br/>喜んでいい<b>のやら</b>悲しんでいい<b>のやら</b>、最近仕事の依頼が多く、趣味の時間がまったくとれない。<br/>（＝喜ぶべきなのか悲しむべきなのかどっちとも言えないが）|a<b>のやら</b>b<b>のやら</b><br/>V/A（普）<b>のやら</b><br/>na<b>なのやら</b><br/>◆aとbは反対の意味<br/>主観的で会話的な文に使う|20260512212801|20260825004517|1.7880263157894736
Grammar|30<br/>必要だから、<b>どんなに</b>高かろ<b>うが</b>それを買わなくてはいけない。<br/>（＝どんなに高くても）<br/><br/>あなたが<b>どんなに</b>謝ろ<b>うとも</b>、今回は許さない。<br/>（＝どんなに謝っても）<br/><br/>あなたが<b>何歳</b>であろ<b>うが</b>関係ない。仕事ができればいい。<br/>(=何歳でも)<br/><br/>私が<b>何を</b>しよ<b>うが</b>勝手だ。あなたに言う必要はない。<br/>（＝何をしても）|疑問詞<br/>Vよう/Aかろう/(na/N)だろう/(na/N)であろう->が/ど(も)|20260524185924|20260825170246|1.7052631578947368
Grammar|51<br/>今日<b>を限りに</b>甘いものをやめることにした。<br/>（＝今日を最後にして）<br/><br/>３月<b>限りで</b>このクラスはなくなります。<br/>（＝３月までで）<br/><br/>彼は声<b>を限りに</b>助けを求めた。<br/>（＝できるだけ大きな声で）|Nを<b>限りに</b><br/>N<b>限りで</b><br/>◆Nは主に時を表す語<br/>慣用句：声の<b>限りに</b>|20260524190209|20260826010124|1.7052631578947368
Grammar|13<br/>この国には、よい指導者がいないのが一番の問題（だ）と<b>されている</b>。<br/>（＝一番の問題だと言われている）<br/><br/>この物質は植物の成長を促進する<b>とされる</b>。<br/>（＝促進すると言われる）|V/A/na/N(普)µ　-> とされる|20260525184114|20260827052439|1.7052631578947368
Grammar|113<br/>祖父の病状は悪くなるばかりだ。回復はもう望む<b>べくもない</b>。<br/>（＝望むことは考えられない）<br/><br/>ビートルズとは比べる<b>べくもない</b>が、彼らは日本ではかなり有名なバンドです。<br/>（＝比べることはできないが）|Vる<b>べくもない</b><br/>！ する→<b>するべく</b>／<b>すべく</b><br/>◆硬い表現|20260714191520|20260828015841|1.6443592874328892
Grammar|68<br/>ご挨拶<b>かたがた</b>、一言お礼を述べさせていただきます。<br/>（＝挨拶をするついでに／挨拶を兼ねて）<br/><br/>本日はお礼<b>かたがた</b>お伺いしました。<br/>（＝お礼を兼ねて）|N<b>かたがた</b>|20260527211411|20260829030032|1.7052631578947368
Grammar|14<br/>の曲を聴くと、学生時代のこと<b>が</b>思い出<b>される</b>。<br/>（＝学生時代のことを自然に思い出す）<br/><br/>彼にひどいことを言ってしまったこと<b>が</b>悔や<b>まれる</b>。<br/>（＝言ってしまったことを悔やんでいる）|(~が)Vられる[自発の受身形]<br/>♦意思と関係なく、ひとりでにその状態になると言う意味|20260530202006|20260831173928|1.7052631578947368
Grammar|10<br/>今の状況を知る<b>ことなしに</b>、未来を予測することはできない。<br/>（＝知らないで／知ることなく）<br/><br/>過去の事例を見る<b>ことなしに</b>、解決方法は見えてこないだろう。<br/>（＝見ないで／見ることなく）|Vることなしに(は)|20260519181146|20260901093957|1.7880263157894736
Grammar|69<br/>努力<b>なくして(は)</b>成功<b>は</b>ありえ<b>ない</b>。<br/>（＝努力しなかったら）<br/><br/>二国間の相互理解<b>なくして</b>両国の友好関係を保つこと<b>は</b>でき<b>ない</b>。<br/>（＝相互理解がなかったら）|N<b>なくして</b>…<b>はない</b><br/>れい Vすること<b>なくして</b>～|20260712185556|20260903073809|1.6524321520402716
Grammar|57<br/>田中さんから10分ほど遅れる<b>との</b>連絡がありました。<br/>（＝10分ぐらい遅れるという）<br/><br/>社長の話によると、来月から給料を１割カットする<b>とのことだ</b>。<br/>（＝１割カットするそうだ）|[文]<b>とのN</b><br/>[文]<b>とのことだ</b><br/>◆伝聞<br/>◆N：話, 依頼, 提案など|20260522193218|20260904103536|1.7880263157894736
Grammar|1<br/>おやになっ<b>てこそ</b>、おやの苦労や気持ちがわかるものだ。<br/>(=親になってから始めて)<br/><br/>生活費を自分でかせい<b>でこそ</b>、自立しているといえる。<br/>(=稼ぐようになって初めて)|Vてこそ(=Vてはじめて)<br/>過去のことは使えない<br/>|20260605201621|20260906122106|1.7052631578947368
Grammar|23<br/>何回読ん<b>だところで</b>、意味は全くわから<b>ない</b>。<br/>（＝たとえ何回読んでも）<br/><br/>そんな多額の借金は、家を売っ<b>たところで</b>、到底返せ<b>ない</b>。<br/>（＝たとえ家を売っても）|Vたところで。。。ない<br/>♦悪い結果。状態が続くことが多い|20260609203122|20260910074210|1.7052631578947368
Grammar|60<br/>この１か月<b>というもの</b>、シャワーを浴びるだけでお風呂に入っていない。<br/>（＝１か月間ずっと）<br/><br/>結婚<b>してからというもの</b>、映画館で映画を見ていない。<br/>（＝結婚してからずっと）|N＝期間<br/>V<b>てからというもの</b><br/>(この/ここ)Nというもの|20260609203008|20260911022546|1.7052631578947368
Grammar|5<br/>そんなことをする<b>くらいなら</b>、死んだほうがましだ。<br/>（＝そんなことをするのはとてもいやだ。それなら…）<br/><br/>友達を傷つける<b>くらいなら</b>、自分が我慢したほうがいい。<br/>（＝傷つけるのはとてもいやだ。それなら…）|Vるくらいなら<br/>Vるぐらいなら<br/>♦とてもいやだという気持ち|20260610201534|20260912021754|1.7052631578947368
Grammar|37<br/>子ども<b>が</b>子ども<b>なら</b>、親<b>も</b>親<b>だ</b>。<br/>（＝子どもも親も両方よくない）<br/><br/>あのレストランは、味<b>も</b>味<b>なら</b>、サービス<b>も</b>サービス<b>だ</b>。<br/>（＝味もサービスも両方よくない）|N1(が/も)N1<b>なら</b>、N2<b>も</b>N2<b>だ</b>|20260613202649|20260914074917|1.7052631578947368
Grammar|44<br/>庭があっ<b>たら</b>あっ<b>たで</b>、草むしりが大変だ。<br/>（＝あるのはいいが、その場合は）<br/><br/>便せんがなかっ<b>たら</b>ない<b>で</b>、コピー用紙でもかまいません。<br/>（＝あったらいいが、ない場合は）|VたらVたで<br/>AかったらAかったで<br/>AなかったらAいで<br/>naならnaで<br/>NならNで<br/>◆否定形も使う|20260613202611|20260915065712|1.7052631578947368
Grammar|19<br/>彼は問題がちょっと難しい<b>とみると</b>、自分で考えないで人に聞く。<br/>（＝難しいと思うと）<br/><br/>彼は、店員が韓国人だ<b>とみると</b>、必ず韓国語で話しかける。<br/>（＝韓国人だとわかると）<br/><br/>彼女は、男の人にお金がない<b>とみると</b>、急にその人に興味がなくなるようだ。<br/>（＝お金がないことがわかると）|V/A/na/N(普)とみると|20260614194051|20260915192014|1.7052631578947368
Grammar|67<br/>散歩<b>がてら</b>、本屋に行ってくるよ。<br/>（＝散歩のついでに／散歩を兼ねて）<br/><br/>桜を見<b>がてら</b>隣の駅まで歩いた。<br/>（＝見ながら／見るのを兼ねて）<br/><br/>遊び<b>がてら</b>お立ち寄りください。<br/>（＝遊ぶのを兼ねて）|N<s>する</s><b>がてら</b><br/>V<s>ます</s><b>がてら</b><br/>◆スル動詞の名詞でよく使割れることが多い|20260616205400|20260918070843|1.7052631578947368
Grammar|48<br/>毎日はし<b>ないまでも</b>、週に1回くらいは部屋の掃除をしよう。<br/>（＝毎日じゃくても、少なくとも）<br/><br/>顔を見に来<b>ないまでも</b>、電話ぐらいしろ。<br/>（＝顔を見に来なくても）<br/><br/>母は体を壊し<b>てまでも</b>、朝から晩まで働き続けた。<br/>（＝体を壊す状態になるまで）<br/><br/>そのジャーナリストは危険を冒し<b>てまでも</b>戦場に行こうとしている。<br/>（＝危険を冒しても、それでも）|①Vない<b>までも</b><br/>②V<b>てまでも</b>|20260618201030|20260919072520|1.7052631578947368
Grammar|18<br/>この地域では、今後も大きい地震が来る<b>とみられている</b>。<br/>（＝来ると考えられている）<br/><br/>その会社の再建は難しい<b>とみられる</b>。<br/>（＝難しいと思われる）|V/A/na/N(普)とみられえる|20260617211301|20260919072807|1.7052631578947368
Grammar|54<br/>東京は家賃が高いと聞いていたが、こんなに高い<b>とは</b>驚きだ。<br/>（＝こんなに高いなんて）<br/><br/>才能のある彼が亡くなる<b>とは</b>、残念でならない。<br/>（＝亡くなるなんて）|V/A/na/N（普）<b>とは</b><br/>N/na<b>とは</b><br/>◆強調／驚き<br/>例：こんなに暇<b>とは</b>／そのような人<b>とは</b>／あんな場所に<b>とは</b>|20260615215025|20260928135239|1.7880263157894736
Grammar|47<br/>ちょっと聞いてみた<b>までです</b>。<br/>（＝聞いてみただけです。ほかの意味はありません）<br/><br/>妻が反対だと言えば、あきらめる<b>までだ</b>。<br/>（＝あきらめるしかない）<br/><br/>給料が上がらないなら、会社をやめる<b>までだ</b>。<br/>（＝やめるしかない）<br/><br/>いくら高いパソコンを買っても、使わなければそれ<b>までだ</b>。<br/>（＝それだけで何の役にも立たない）|Vる/Vた->までの(こと)だ</b><br/>それ/これ->までだ|20260618201135|20260930215351|1.7880263157894736
Grammar|52<br/>風邪を引いたときは、暖かくして寝る<b>に限る</b>。<br/>（＝寝るのが一番だ）<br/><br/>日本語学校を選ぶなら、この学校に<b>限る</b>。<br/>（＝この学校が一番だ）|Vる／Vないに<b>限る</b><br/>Nに<b>限る</b>|20260630201637|20261001180056|1.7052631578947368
Grammar|53<br/>若者の言葉遣いが悪いのは、我が国<b>に限ったことではない</b>。<br/>（＝我が国だけではない）<br/><br/>夏にインフルエンザがはやったのは、今年<b>に限ったことではなく</b>、去年も同様だった。<br/>（＝今年だけのことでなく）|Nに<b>限ったことで(は/も)ない</b><br/>◆Nに<b>限らない</b>の硬い表現|20260630201531|20261002064426|1.7052631578947368
Grammar|9<br/>災害が来ても慌てる<b>ことのないよう</b>、日頃から準備しておこう。<br/>（＝慌てないように）<br/><br/>今後、このような犯罪に関わる<b>ことのないよう</b>に注意してください。<br/>（＝関わらないように）|Vることのないよう(に)|20260701185253|20261003005710|1.7052631578947368
Grammar|22<br/>勉強時間は、２、３時間<b>というところだ</b>。<br/>（＝だいたい２、３時間ぐらいだ）<br/><br/>A「例の書類はできましたか。」<br/>B「はい、あとはもう一度見直せばいい<b>といったところです</b>。」<br/>（＝だいたいもう一度見直せばいいという状態です）|N/(文)->というところだ/といったところだ<br/>Nは数量が入ることが多い|20260701185433|20261003063714|1.7052631578947368
Grammar|6<br/>彼が仕事を辞めないように説得できるのは、君<b>ぐらいのものだ</b>。<br/>（＝君しかいない）<br/><br/>君が受かるのは、このランクの大学<b>ぐらいのものだ</b>。<br/>（＝このランクの大学しかない）|(~のは)Nくらい/(~のは)Nぐらい->のものだ/なものだ|20260702195523|20261004060246|1.7052631578947368
Grammar|8<br/>採用試験は、毎年10月に行う<b>ものとする</b>。<br/>（＝行う、と決める）<br/><br/>契約の延長は、双方の同意による<b>ものとする</b>。<br/>（＝同意する、ことに決める）|Vるものとする<br/>♦契約書などに多く出てくる表現|20260703202107|20261004174141|1.7052631578947368
Grammar|55<br/>教師<b>とはいえ</b>、答えられないこともあります。<br/>（＝教師の立場だが、それでも）<br/><br/>不景気で客が少ない<b>とはいえ</b>、一人も来ないことは今までなかったことだ。<br/>（＝客は少ないが、それでも）|V/A/na/N（普）<b>とはいえ</b><br/>N/na<b>とはいえ</b>|20260703201938|20261004175230|1.7052631578947368
Grammar|56<br/>たとえ兄弟<b>といえども</b>、憎しみ合うこともある。<br/>（＝兄弟でも）<br/><br/>広い土地がある<b>といえども</b>、田舎なので不動産の価値はない。<br/>（＝あるが）<br/><br/>当たらず<b>といえども</b>遠からず。<br/>（＝ぴったり当たっていると言えないが、ほとんど間違っていない）|V/A/na/N（普）<b>といえども</b><br/>N/na<b>といえども</b><br/>例：たとえ～<b>といえども</b>／いくら～<b>といえども</b>|20260704131038|20261005233321|1.7052631578947368
Grammar|42<br/>彼は花束を持って、彼女の家の前を行き<b>つ</b>戻り<b>つ</b>した。<br/>（＝行ったり戻ったり）<br/><br/>昨日のマラソンでは、2人の選手が抜き<b>つ</b>抜かれ<b>つ</b>トップ争いをしていた。<br/>（＝抜いたり抜かれたり）|V<b>つ</b>V<b>つ</b><br/>◆V1とV2は反対の意味を持つ|20260705134516|20261007001900|1.7052631578947368
Grammar|33<br/>台風のような雨だ。予定通り美術館に行こ<b>うか</b>行く<b>まいか</b>。<br/>（＝行くか行かないか、どちらにしようか）<br/><br/>彼と結婚しよ<b>うか</b>する<b>まいか</b>悩むくらいなら、やめたほうがいい。<br/>（＝結婚するかしないかどちらにするか）|VようかVるまいか<br/>(ru-V) Vるまい/Vまい<br/>(u-V) Vるまい<br/>する→するまい/すまい<br/>くる→くるまい/こまい|20260707190047|20261009004554|1.7052631578947368
Grammar|4<br/>父の料理は見た目<b>こそ</b>悪い<b>が</b>、とてもいい味をしている。<br/>(=悪いのは見た目だけ)<br/><br/>このキノコは色と形<b>こそ</b>きれいだ<b>が</b>、毒があって食べることはできない。<br/>(=色と形はきれいだが)|Nこそ)->が/けれど<br/>♦強調|20260707190056|20261009050551|1.7052631578947368
Grammar|39<br/>こんなに雪が降っ<b>ては</b>、どこにも出かけられない。<br/>（＝こんなに雪がたくさん降っていたら）<br/><br/>今日は弟の誕生日だが、肝心の本人が病気に<b>では</b>パーティーは延期するしかない。<br/>（＝病気なら）|V<b>ては</b><br/>Aく<b>ては</b><br/>N/na<b>では</b>|20260709201345|20261010073820|1.7052631578947368
Grammar|21<br/>交通事故で命が危ない<b>ところを</b>、その医者に助けてもらった。<br/>（＝命が危ない状況だった、そのとき）<br/><br/>すぐにお礼の電話をしなければいけない<b>ところを</b>今になってしまい、申し訳ありません。<br/>（＝電話をしなければいけない状況なのに）|V/A(普)/naな/Nの->とみると|20260709201420|20261011062520|1.7052631578947368
Grammar|31<br/>私は合格したが、親友は不合格だった。うれしい<b>というか</b>、残念<b>というか</b>、複雑な気持ちだ。<br/>（＝うれしいとも言えるし、また残念とも言える。とにかく）<br/><br/>そんなことをするとは、無茶<b>というか</b>、無知<b>というか</b>、彼のすることは理解できない。<br/>（＝無茶と言えるし、無知ともいえる。とにかく）|aというかbというか<br/>Aい/na/N + というか|20260710192059|20261012052005|1.7052631578947368
Grammar|16<br/>彼は天才と言われているが、私<b>に言わせれば</b>、単なる努力家だ。<br/>（＝私の意見では）<br/><br/>A「もう私も60歳を過ぎて、年をとりましたよ。」<br/>　B「いえ、うちの親<b>に言わせれば</b>まだまだ若いそうですよ。」<br/>（＝私の親の意見では）|Nに言わせれば/Nから言わせれば|20260710192014|20261023055136|1.7880263157894736
Grammar|35<br/>私の毎月の小遣いは、お菓子<b>だの</b>ジュース<b>だの</b>で消えていく。<br/>（＝お菓子やジュースやいろいろなもの）<br/><br/>彼は部屋が狭い<b>だの</b>、食事がまずい<b>だの</b>、いつも文句を言っている。<br/>（＝部屋が狭いとか、食事がまずいとか、ほかにもいろいろ）<br/><br/>彼は、風邪を引いた<b>だの</b>、頭が痛い<b>だの</b>と言って、よく授業を休む。<br/>（＝風邪を引いたとか、頭が痛いとか、ほかにもいろいろ）|a<b>だの</b>b<b>だの</b><br/>V/A（普）だの<br/>na/naだった だの<br/>N/Nだった だの<br/>◆不満を言うときによく使う|20260705134536|20261212111140|1.710387811634349
Grammar|63<br/>彼はゲームを始め<b>たが最後</b>、いつも朝までやり続ける。<br/>（＝一度始めたらそのあとはずっと）<br/><br/>父は、いったん寝<b>たら最後</b>、朝まで起きない。<br/>（＝寝たらそのあとはずっと）|V<b>たが最後</b><br/>V<b>たら最後</b>|20260705134555|20261212112540|1.710387811634349
Grammar|25<br/>電話<b>なり</b>メール<b>なり</b>で、彼に連絡してください。<br/>（＝電話でもメールでもどの方法で）<br/><br/>もう使わないなら、人にあげる<b>なり</b>捨てる<b>なり</b>したほうがいいと思う。<br/>（＝人にあげるとか捨てるとか、なんとかした）<br/><br/>会社が倒産した。家のローンもあるし、朝も夜もバイトする<b>なり(なんなり)して</b>、この危機を乗り越えなくてはいけない。<br/>（＝バイトしてなんとかして）|N1なりN２ない<br/>V1るなり(V2るなり)する<br/>慣用句　なんなりと(=なんでも)|20260707190138|20261213171511|1.710387811634349
Grammar|12<br/>この話は聞かなかっ<b>たことにしてください。</b><br/>（＝聞かなかったのと同じように扱ってください）<br/><br/>彼は、大学を卒業し<b>たことになっている</b>けれど、実際は中退したらしい。<br/>（＝卒業したと言われているけれど）|Vた/Aかった/na(だ)/N(だ))/(という)ことに(する/なる)|20260707190207|20261213172142|1.710387811634349